City_ID,City,Country,Date,Lat,Lng,Max Temp,Humidity,Cloudiness,Wind Speed
0,Geraldton,AU,2021-12-07 19:06:07,-28.7667,114.6,68.41,88,0,8.05
1,Hobart,AU,2021-12-07 19:03:33,-42.8794,147.3294,44.46,81,40,8.05
2,Castro,BR,2021-12-07 19:01:06,-24.7911,-50.0119,64.31,76,75,12.71
3,Barrow,US,2021-12-07 19:02:25,71.2906,-156.7887,19.42,79,90,21.85
4,Rikitea,PF,2021-12-07 19:01:03,-23.1203,-134.9692,75.4,71,100,22.79
5,Butaritari,KI,2021-12-07 19:01:15,3.0707,172.7902,82.53,77,83,15.08
6,Puerto Ayora,EC,2021-12-07 19:01:13,-0.7393,-90.3518,70.47,77,91,9.44
7,Airai,TL,2021-12-07 19:07:53,-8.9266,125.4092,60.62,93,53,1.61
8,Bredasdorp,ZA,2021-12-07 19:02:30,-34.5322,20.0403,64.27,81,100,9.71
9,Punta Arenas,CL,2021-12-07 19:01:04,-53.15,-70.9167,51.12,42,73,25.26
10,Vaini,TO,2021-12-07 19:01:10,-21.2,-175.2,76.28,79,100,20.54
11,Bonavista,CA,2021-12-07 19:03:40,48.6499,-53.1147,59.11,89,100,32.84
12,Orlik,RU,2021-12-07 19:10:16,52.5178,99.825,6.44,85,100,1.83
13,Inhambane,MZ,2021-12-07 19:01:11,-23.865,35.3833,78.78,94,20,3.44
14,Pangnirtung,CA,2021-12-07 19:08:57,66.1451,-65.7125,10.4,67,75,3.44
15,Kodiak,US,2021-12-07 19:03:47,57.79,-152.4072,28.92,60,8,38.77
16,Qaanaaq,GL,2021-12-07 19:02:24,77.484,-69.3632,12.65,68,94,10.29
17,Bandarbeyla,SO,2021-12-07 19:10:17,9.4942,50.8122,76.77,69,54,18.7
18,Busselton,AU,2021-12-07 18:57:21,-33.65,115.3333,62.04,62,8,17.43
19,Dunedin,NZ,2021-12-07 19:10:17,-45.8742,170.5036,55.45,80,8,3.31
20,Ulaangom,MN,2021-12-07 19:10:18,49.9811,92.0667,8.78,93,67,3.96
21,Tasiilaq,GL,2021-12-07 19:02:19,65.6145,-37.6368,24.96,63,11,8.41
22,Jamestown,US,2021-12-07 18:56:59,42.097,-79.2353,27.99,91,100,5.99
23,Auchi,NG,2021-12-07 19:10:18,7.0667,6.2667,84.63,44,55,0.98
24,Roald,NO,2021-12-07 19:10:19,62.5833,6.1333,37.54,56,40,13.8
25,Beberibe,BR,2021-12-07 19:10:19,-4.1797,-38.1306,87.17,67,46,12.33
26,Ilulissat,GL,2021-12-07 19:02:20,69.2167,-51.1,17.62,53,75,12.66
27,Sterling,US,2021-12-07 19:07:45,39.0062,-77.4286,44.74,39,75,1.99
28,Saskylakh,RU,2021-12-07 19:10:20,71.9167,114.0833,-11.81,97,100,6.29
29,Rawson,AR,2021-12-07 19:10:20,-43.3002,-65.1023,92.64,26,100,11.52
30,Kavieng,PG,2021-12-07 19:10:20,-2.5744,150.7967,82.31,82,100,12.71
31,Saldanha,ZA,2021-12-07 19:04:49,-33.0117,17.9442,62.13,85,48,24.07
32,Cape Town,ZA,2021-12-07 18:59:17,-33.9258,18.4232,65.26,76,20,5.99
33,Port Hardy,CA,2021-12-07 19:10:21,50.6996,-127.4199,47.75,92,100,14.81
34,Namibe,AO,2021-12-07 19:03:35,-15.1961,12.1522,73.02,58,7,10.83
35,Matara,LK,2021-12-07 19:01:16,5.9485,80.5353,76.41,88,95,6.62
36,Hithadhoo,MV,2021-12-07 19:02:22,-0.6,73.0833,81.91,80,100,12.8
37,Uyar,RU,2021-12-07 19:10:21,55.81,94.3153,31.64,83,100,14.58
38,Mehamn,NO,2021-12-07 19:10:22,71.0357,27.8492,21.38,63,0,27.63
39,Kalat,PK,2021-12-07 19:10:22,29.0225,66.5916,38.8,27,0,3.89
40,Tuktoyaktuk,CA,2021-12-07 19:03:16,69.4541,-133.0374,4.35,89,99,8.1
41,Hilo,US,2021-12-07 19:01:07,19.7297,-155.09,77.61,1,68,13.58
42,Mataura,NZ,2021-12-07 19:01:17,-46.1927,168.8643,55.47,73,100,2.42
43,New Norfolk,AU,2021-12-07 19:01:09,-42.7826,147.0587,44.1,72,99,1.81
44,Clyde River,CA,2021-12-07 19:08:49,70.4692,-68.5914,-8.01,97,22,3.67
45,Avarua,CK,2021-12-07 19:03:46,-21.2078,-159.775,77.05,88,90,4.61
46,Camacha,PT,2021-12-07 19:11:23,33.0833,-16.3333,60.22,59,40,8.05
47,Bubaque,GW,2021-12-07 19:11:24,11.2833,-15.8333,81.82,74,100,10.18
48,Oranjemund,NA,2021-12-07 19:11:24,-28.55,16.4333,62.62,82,0,16.31
49,Bereda,ES,2021-12-07 19:11:25,43.2686,-7.5406,44.58,99,95,6.73
50,Torbay,CA,2021-12-07 19:00:07,47.6666,-52.7314,59.76,91,100,10.0
51,Sarankhola,BD,2021-12-07 19:11:25,22.3082,89.7897,68.7,95,0,5.12
52,Rio Gallegos,AR,2021-12-07 19:11:25,-51.6226,-69.2181,57.83,24,100,35.03
53,Port Alfred,ZA,2021-12-07 19:06:17,-33.5906,26.891,67.48,74,74,14.94
54,Neuquen,AR,2021-12-07 19:10:39,-38.9516,-68.0591,82.29,57,75,6.91
55,Albany,US,2021-12-07 19:00:17,42.6001,-73.9662,37.45,71,100,7.9
56,Kapaa,US,2021-12-07 19:07:24,22.0752,-159.319,78.78,86,1,14.97
57,Arraial Do Cabo,BR,2021-12-07 19:07:37,-22.9661,-42.0278,75.06,73,75,4.61
58,Mizan Teferi,ET,2021-12-07 19:11:27,6.9833,35.5833,66.83,61,12,1.95
59,Quatre Cocos,MU,2021-12-07 19:11:27,-20.2078,57.7625,77.11,69,21,12.53
60,Sulangan,PH,2021-12-07 19:11:27,11.1373,123.7228,78.26,90,100,27.54
61,Lagoa,PT,2021-12-07 19:11:28,39.05,-27.9833,60.85,59,1,16.4
62,Castelo Do Piaui,BR,2021-12-07 19:11:28,-5.3222,-41.5525,97.32,26,99,6.49
63,Luena,AO,2021-12-07 19:11:29,-11.7833,19.9167,68.14,76,68,0.4
64,Bluff,NZ,2021-12-07 19:03:36,-46.6,168.3333,55.8,80,100,6.98
65,Severo-Kurilsk,RU,2021-12-07 19:07:26,50.6789,156.125,29.73,60,96,22.44
66,Saint-Philippe,RE,2021-12-07 19:03:47,-21.3585,55.7679,76.59,83,37,10.92
67,Amambai,BR,2021-12-07 19:11:29,-23.1042,-55.2258,88.0,30,11,5.46
68,Simao,CN,2021-12-07 19:11:30,22.7886,100.9748,51.3,88,3,2.24
69,Souillac,MU,2021-12-07 19:06:07,-20.5167,57.5167,77.38,83,40,5.75
70,Brae,GB,2021-12-07 19:11:30,60.3964,-1.353,44.51,72,100,21.68
71,Naregal,IN,2021-12-07 19:11:31,15.5833,75.8167,71.85,58,0,5.08
72,Koygorodok,RU,2021-12-07 19:11:31,60.445,50.9968,5.61,92,100,5.46
73,Constitucion,CL,2021-12-07 19:08:46,-35.3333,-72.4167,64.04,63,0,6.71
74,Falun,SE,2021-12-07 19:11:31,60.6036,15.626,0.01,97,100,1.88
75,Mnogovershinnyy,RU,2021-12-07 19:11:32,53.9353,139.9242,1.04,82,11,7.54
76,Yellowknife,CA,2021-12-07 19:06:09,62.456,-114.3525,-7.49,88,17,13.96
77,Mar Del Plata,AR,2021-12-07 19:00:29,-38.0023,-57.5575,67.87,89,0,28.01
78,Thinadhoo,MV,2021-12-07 19:11:33,0.5333,72.9333,81.82,80,100,10.63
79,Lompoc,US,2021-12-07 19:07:29,34.6391,-120.4579,65.57,84,90,0.0
80,Hermanus,ZA,2021-12-07 19:11:33,-34.4187,19.2345,66.9,81,100,14.7
81,Novoagansk,RU,2021-12-07 19:11:33,61.9449,76.6625,-1.44,97,98,10.25
82,Ribeira Grande,PT,2021-12-07 19:02:26,38.5167,-28.7,59.4,63,20,3.44
83,Cap-Aux-Meules,CA,2021-12-07 19:11:34,47.3821,-61.8597,33.39,60,86,39.88
84,Ulladulla,AU,2021-12-07 19:11:35,-35.35,150.4667,59.09,88,100,10.92
85,Tarauaca,BR,2021-12-07 19:11:35,-8.1614,-70.7656,85.26,65,94,2.59
86,Cherskiy,RU,2021-12-07 19:11:35,68.75,161.3,-44.43,100,89,1.1
87,Korhogo,CI,2021-12-07 19:11:36,9.45,-5.6333,80.96,20,9,4.14
88,Manggar,ID,2021-12-07 19:11:36,-2.8833,108.2667,78.08,89,100,7.16
89,Saint-Pierre,RE,2021-12-07 19:11:38,-21.3393,55.4781,76.68,78,20,6.91
90,Krasnoselkup,RU,2021-12-07 19:06:19,65.7,82.4667,-8.99,100,99,5.82
91,Palestine,PS,2021-12-07 19:11:38,31.9216,35.2033,57.94,44,100,5.06
92,Georgetown,MY,2021-12-07 19:10:33,5.4112,100.3354,79.9,79,20,6.91
93,Tskaltubo,GE,2021-12-07 19:12:38,42.3254,42.5979,63.54,29,0,34.52
94,Atuona,PF,2021-12-07 19:12:39,-9.8,-139.0333,78.03,77,11,19.42
95,Babu,CN,2021-12-07 19:12:39,24.4167,111.5167,52.16,67,0,3.44
96,Santa Ana,US,2021-12-07 19:07:54,33.7456,-117.8678,63.54,79,90,4.0
97,Auki,SB,2021-12-07 19:12:40,-8.7676,160.7034,76.86,94,100,7.45
98,Bethel,US,2021-12-07 19:10:25,41.3712,-73.414,42.21,46,97,1.99
99,Burnie,AU,2021-12-07 19:12:40,-41.0667,145.9167,45.28,77,100,6.8
100,Esperance,AU,2021-12-07 19:06:10,-33.8667,121.9,57.07,73,100,16.28
101,Kedrovyy,RU,2021-12-07 19:12:41,56.1667,91.8167,28.87,94,100,10.31
102,Talnakh,RU,2021-12-07 19:12:41,69.4865,88.3972,-11.79,98,100,5.99
103,Dikson,RU,2021-12-07 19:04:50,73.5069,80.5464,-8.99,95,100,19.44
104,Kafanchan,NG,2021-12-07 19:08:11,9.5833,8.3,75.29,25,100,5.48
105,Ormara,PK,2021-12-07 19:12:42,25.2088,64.6357,74.43,57,0,10.31
106,Ushuaia,AR,2021-12-07 19:12:27,-54.8,-68.3,47.82,45,63,16.06
107,Mahebourg,MU,2021-12-07 19:05:01,-20.4081,57.7,77.29,83,40,5.75
108,Juegang,CN,2021-12-07 19:12:43,32.3174,121.1855,51.91,75,100,8.86
109,Sinnamary,GF,2021-12-07 19:12:43,5.3833,-52.95,81.7,77,100,7.27
110,Solhan,TR,2021-12-07 19:12:43,38.9634,41.0293,36.09,69,100,6.04
111,Boende,CD,2021-12-07 19:12:44,-0.2167,20.8667,72.88,95,100,1.99
112,Samarai,PG,2021-12-07 19:12:44,-10.6167,150.6667,80.62,80,56,4.83
113,Balikpapan,ID,2021-12-07 19:12:45,-1.2675,116.8289,74.7,94,100,4.27
114,Bambous Virieux,MU,2021-12-07 19:08:58,-20.3428,57.7575,77.25,83,40,5.75
115,Nikolskoye,RU,2021-12-07 19:05:02,59.7035,30.7861,6.69,100,91,4.43
116,Coihaique,CL,2021-12-07 19:04:15,-45.5752,-72.0662,77.61,35,0,9.22
117,Keta,GH,2021-12-07 19:12:45,5.9179,0.9879,82.69,77,9,9.19
118,Alice Springs,AU,2021-12-07 19:03:01,-23.7,133.8833,72.95,49,83,8.05
119,Pisco,PE,2021-12-07 19:12:46,-13.7,-76.2167,72.01,73,40,10.36
120,Namatanai,PG,2021-12-07 19:06:13,-3.6667,152.4333,79.27,87,100,10.78
121,Tulun,RU,2021-12-07 19:12:46,54.5611,100.5792,17.76,92,100,2.35
122,Te Anau,NZ,2021-12-07 19:12:47,-45.4167,167.7167,50.61,87,97,3.36
123,El Alto,PE,2021-12-07 19:12:47,-4.2714,-81.2147,80.26,72,94,16.2
124,Husavik,IS,2021-12-07 19:12:48,66.0449,-17.3389,28.0,81,100,9.01
125,General Roca,AR,2021-12-07 19:12:48,-39.0333,-67.5833,82.8,50,76,31.63
126,Launceston,AU,2021-12-07 19:12:49,-41.45,147.1667,49.8,87,100,10.36
127,Victoria,HK,2021-12-07 19:12:06,22.2855,114.1577,68.38,72,92,1.01
128,East London,ZA,2021-12-07 19:04:51,-33.0153,27.9116,67.42,74,97,11.12
129,Oxford,GB,2021-12-07 19:10:00,51.7522,-1.256,44.06,84,0,3.0
130,Puerto Escondido,MX,2021-12-07 19:12:49,15.85,-97.0667,86.83,62,1,8.05
131,Lebu,CL,2021-12-07 19:07:25,-37.6167,-73.65,62.29,70,0,11.03
132,Nyurba,RU,2021-12-07 19:12:50,63.2842,118.3319,-29.51,100,16,2.51
133,Port-Gentil,GA,2021-12-07 19:12:50,-0.7193,8.7815,81.05,80,80,10.2
134,Zhanakorgan,KZ,2021-12-07 19:12:51,43.9098,67.2495,40.24,67,100,7.14
135,Abalak,RU,2021-12-07 19:12:51,58.1286,68.5944,0.55,95,53,5.93
136,Sorong,ID,2021-12-07 19:06:14,-0.8833,131.25,81.36,79,100,6.38
137,Kenai,US,2021-12-07 19:05:03,60.5544,-151.2583,32.02,87,90,3.44
138,Rocha,UY,2021-12-07 19:13:52,-34.4833,-54.3333,73.56,42,0,15.01
139,Shimoda,JP,2021-12-07 19:13:52,34.6667,138.95,51.91,83,100,16.73
140,Tailai,CN,2021-12-07 19:13:52,46.3833,123.4,14.2,94,16,1.61
141,Nome,US,2021-12-07 19:08:50,64.5011,-165.4064,8.67,78,90,10.36
142,Taltal,CL,2021-12-07 19:13:53,-25.4,-70.4833,68.5,68,28,10.0
143,Butwal,NP,2021-12-07 19:13:53,27.7006,83.4484,61.95,60,0,4.52
144,Sorland,NO,2021-12-07 19:13:54,67.667,12.6934,26.46,67,100,17.05
145,Ahja,EE,2021-12-07 19:13:54,58.2091,27.0734,-3.77,99,41,3.85
146,Kruisfontein,ZA,2021-12-07 19:06:16,-34.0033,24.7314,60.89,87,33,3.06
147,Cidreira,BR,2021-12-07 19:06:16,-30.1811,-50.2056,71.19,63,27,14.14
148,Lesnoye,RU,2021-12-07 19:13:54,58.2841,35.5158,12.99,98,70,5.3
149,Inuvik,CA,2021-12-07 19:13:55,68.3499,-133.7218,5.22,88,100,2.93
150,Borgomanero,IT,2021-12-07 19:13:55,45.7024,8.4581,41.72,53,100,1.01
151,Hay River,CA,2021-12-07 19:13:55,60.8156,-115.7999,0.54,87,100,9.46
152,Carlisle,US,2021-12-07 19:13:56,40.2015,-77.1889,38.62,50,100,1.01
153,Pevek,RU,2021-12-07 19:13:56,69.7008,170.3133,-14.17,99,100,5.7
154,Dingle,PH,2021-12-07 19:13:57,10.9995,122.6711,73.26,94,100,9.89
155,Henties Bay,NA,2021-12-07 19:13:57,-22.116,14.2845,62.85,90,0,5.82
156,The Valley,AI,2021-12-07 19:13:57,18.217,-63.0578,84.34,61,20,12.66
157,Tura,IN,2021-12-07 19:13:58,25.5198,90.2201,62.76,87,0,3.27
158,Aitape,PG,2021-12-07 19:13:58,-3.1374,142.3475,77.92,88,100,6.33
159,Zhadovka,RU,2021-12-07 19:13:58,53.5746,46.9498,24.35,82,100,16.96
160,San Cristobal,VE,2021-12-07 19:13:59,7.7669,-72.225,84.24,41,97,5.39
161,Severnyy,RU,2021-12-07 19:13:59,50.677,36.5532,39.24,93,75,8.95
162,Kashi,CN,2021-12-07 19:13:59,39.4547,75.9797,32.36,33,100,2.17
163,Pyapon,MM,2021-12-07 19:14:00,16.2833,95.6833,68.95,74,0,3.67
164,Cabo San Lucas,MX,2021-12-07 19:14:00,22.8909,-109.9124,84.51,41,20,6.91
165,Prince Rupert,CA,2021-12-07 19:05:13,54.3161,-130.3201,35.69,100,90,3.44
166,Lorvao,PT,2021-12-07 19:14:00,40.2594,-8.3168,56.68,94,100,11.83
167,Codrington,AU,2021-12-07 19:06:20,-38.2667,141.9667,49.41,65,21,10.94
168,Whitehorse,CA,2021-12-07 19:11:43,60.7161,-135.0538,8.91,94,96,7.63
169,Bengkulu,ID,2021-12-07 19:07:33,-3.8004,102.2655,74.97,87,41,4.34
170,Tabou,CI,2021-12-07 19:14:01,4.423,-7.3528,80.38,82,2,6.58
171,Iranshahr,IR,2021-12-07 19:14:01,27.2025,60.6848,59.07,30,0,0.98
172,Saint-Joseph,RE,2021-12-07 19:14:02,-21.3667,55.6167,75.58,81,17,11.59
173,Santa Barbara,US,2021-12-07 19:12:12,34.7333,-120.0343,59.77,83,90,0.0
174,Port Elizabeth,ZA,2021-12-07 19:06:20,-33.918,25.5701,63.1,85,10,2.93
175,Faanui,PF,2021-12-07 19:14:02,-16.4833,-151.75,80.51,75,6,7.72
176,Caravelas,BR,2021-12-07 19:14:03,-17.7125,-39.2481,74.23,93,100,6.71
177,Osa,RU,2021-12-07 19:14:03,57.2829,55.4567,7.45,87,100,3.0
178,Fairbanks,US,2021-12-07 19:05:01,64.8378,-147.7164,19.36,85,90,0.0
179,Cocobeach,GA,2021-12-07 19:14:04,1.0002,9.5823,80.56,84,100,6.04
180,Svetlyy,RU,2021-12-07 19:14:04,54.675,20.1347,8.65,85,10,9.28
181,Seoul,KR,2021-12-07 19:09:14,37.5683,126.9778,40.44,77,0,2.93
182,Gamba,GA,2021-12-07 19:14:04,-2.65,10.0,77.76,91,100,5.28
183,Mindelo,CV,2021-12-07 19:15:05,16.8901,-24.9804,74.75,60,93,24.16
184,Polessk,RU,2021-12-07 19:11:29,54.862,21.1028,8.65,87,15,8.3
185,Waipawa,NZ,2021-12-07 19:15:06,-41.4122,175.5153,59.45,92,64,1.81
186,Leningradskiy,RU,2021-12-07 19:15:06,69.3833,178.4167,-8.46,78,100,12.86
187,Atasu,KZ,2021-12-07 19:15:06,48.6814,71.6433,15.6,96,94,7.52
188,Isangel,VU,2021-12-07 19:15:07,-19.55,169.2667,79.32,85,4,6.06
189,Northam,GB,2021-12-07 19:15:07,51.0333,-4.2167,47.08,79,98,34.9
190,Klaksvik,FO,2021-12-07 19:15:07,62.2266,-6.589,34.72,68,100,5.14
191,Lata,PT,2021-12-07 19:15:08,40.1629,-8.3327,57.04,95,100,12.08
192,Joshimath,IN,2021-12-07 19:15:08,30.5667,79.5667,40.37,37,0,9.4
193,Vila Velha,BR,2021-12-07 19:15:06,-20.3297,-40.2925,73.35,95,90,5.99
194,Nelson,NZ,2021-12-07 19:08:44,-41.2833,173.2833,61.45,91,8,3.53
195,Cap Malheureux,MU,2021-12-07 19:15:09,-19.9842,57.6142,77.49,72,6,5.01
196,Morro Bay,US,2021-12-07 19:11:23,35.3658,-120.8499,64.81,79,56,1.01
197,Alofi,NU,2021-12-07 19:15:10,-19.0595,-169.9187,76.89,83,100,12.66
198,Senno,RU,2021-12-07 19:15:10,59.5336,33.9167,10.26,98,99,4.14
199,Adrar,MR,2021-12-07 19:15:11,20.5022,-10.0711,69.12,11,100,11.7
200,Shelburne,CA,2021-12-07 19:15:11,44.0787,-80.2041,23.67,75,100,12.1
201,Tsabong,BW,2021-12-07 19:15:11,-26.0217,22.401,77.77,42,100,11.01
202,Half Moon Bay,US,2021-12-07 19:03:40,37.4636,-122.4286,59.45,87,1,6.91
203,Nauta,PE,2021-12-07 19:15:12,-4.5061,-73.5757,82.35,73,100,3.83
204,Naze,JP,2021-12-07 19:15:12,28.3667,129.4833,61.29,58,3,18.77
205,Rioja,AR,2021-12-07 19:15:13,-29.4111,-66.8507,92.86,33,80,16.13
206,Tortoli,IT,2021-12-07 19:15:13,39.9256,9.6572,55.22,67,20,5.75
207,Lorengau,PG,2021-12-07 19:15:14,-2.0226,147.2712,81.39,85,100,15.21
208,Riohacha,CO,2021-12-07 19:15:14,11.5444,-72.9072,91.51,46,20,18.41
209,Srednekolymsk,RU,2021-12-07 19:15:14,67.45,153.6833,-28.05,97,100,4.72
210,Estevan,CA,2021-12-07 19:15:07,49.1334,-102.9842,10.74,78,1,14.97
211,Beringovskiy,RU,2021-12-07 19:15:15,63.05,179.3167,-13.0,95,68,3.09
212,Puerto Madryn,AR,2021-12-07 19:15:15,-42.7692,-65.0385,92.93,28,100,30.53
213,Khatanga,RU,2021-12-07 19:15:16,71.9667,102.5,-7.38,97,100,10.56
214,Ahipara,NZ,2021-12-07 19:15:16,-35.1667,173.1667,66.74,83,50,5.12
215,Atar,MR,2021-12-07 19:15:16,20.5169,-13.0499,74.05,9,80,10.0
216,Belmonte,BR,2021-12-07 19:15:17,-15.8631,-38.8828,82.9,74,75,11.48
217,Evensk,RU,2021-12-07 19:15:17,61.95,159.2333,5.38,96,100,5.99
218,Thompson,CA,2021-12-07 19:07:28,55.7435,-97.8558,-23.64,76,1,3.44
219,Asau,RO,2021-12-07 19:06:18,46.4333,26.4,34.95,77,100,5.86
220,Longyearbyen,SJ,2021-12-07 19:15:17,78.2186,15.6401,31.84,74,75,23.02
221,Hailar,CN,2021-12-07 19:15:18,49.2,119.7,11.44,86,100,5.44
222,Carnarvon,AU,2021-12-07 19:08:52,-24.8667,113.6333,71.67,88,90,8.05
223,Bilma,NE,2021-12-07 19:15:18,18.6853,12.9164,64.49,18,95,15.84
224,Machico,PT,2021-12-07 19:15:19,32.7,-16.7667,64.71,76,75,5.75
225,Mabaruma,GY,2021-12-07 19:15:19,8.2,-59.7833,79.47,88,74,4.88
226,Fort Oglethorpe,US,2021-12-07 19:16:20,34.949,-85.2569,46.06,59,75,1.01
227,Rizhao,CN,2021-12-07 19:16:20,35.4275,119.4553,39.4,63,100,4.94
228,Hofn,IS,2021-12-07 19:16:20,64.2539,-15.2082,31.33,56,7,9.46
229,Hata,IN,2021-12-07 19:16:21,26.7461,83.7403,64.96,47,0,7.27
230,Kaitangata,NZ,2021-12-07 19:16:21,-46.2817,169.8464,51.55,87,30,2.42
231,Provideniya,RU,2021-12-07 19:16:21,64.3833,-173.3,3.79,76,94,5.17
232,Tiksi,RU,2021-12-07 19:16:22,71.6872,128.8694,-23.85,95,100,7.61
233,Portland,US,2021-12-07 19:15:06,45.5234,-122.6762,55.09,95,90,4.0
234,Yerbogachen,RU,2021-12-07 19:16:22,61.2767,108.0108,2.68,98,100,1.74
235,Muyezerskiy,RU,2021-12-07 19:16:22,63.9333,31.65,10.92,95,100,7.11
236,Sassandra,CI,2021-12-07 19:16:23,4.95,-6.0833,79.63,84,59,5.64
237,Upernavik,GL,2021-12-07 19:16:23,72.7868,-56.1549,12.24,88,100,4.9
238,Broken Hill,AU,2021-12-07 19:16:24,-31.95,141.4333,53.62,56,0,18.97
239,Hualmay,PE,2021-12-07 19:16:24,-11.0964,-77.6139,72.45,74,74,10.78
240,Laguna,US,2021-12-07 19:08:48,38.421,-121.4238,57.63,92,90,1.01
241,Svobodnyy,RU,2021-12-07 19:16:25,51.4,128.1333,-1.16,99,41,3.15
242,Rustenburg,ZA,2021-12-07 19:13:09,-25.6676,27.2421,66.83,80,88,3.53
243,Cranbrook,CA,2021-12-07 19:12:13,49.4999,-115.7688,21.85,57,100,2.06
244,Farsala,GR,2021-12-07 19:16:25,39.2947,22.3847,50.56,81,99,8.05
245,Gat,IL,2021-12-07 19:16:25,31.61,34.7642,66.4,38,100,5.95
246,Gouyave,GD,2021-12-07 19:16:26,12.1646,-61.7296,84.97,66,20,17.27
247,Salalah,OM,2021-12-07 19:16:26,17.0151,54.0924,77.09,25,0,8.05
248,Aberdeen,GB,2021-12-07 19:16:26,57.1437,-2.0981,41.49,96,90,24.16
249,Kalabo,ZM,2021-12-07 19:16:27,-14.97,22.6814,69.03,81,24,3.42
250,Talaya,RU,2021-12-07 19:16:27,61.3833,152.75,-21.46,99,100,5.95
251,Keflavik,IS,2021-12-07 19:16:27,64.0049,-22.5624,30.63,93,40,13.8
252,Vodnyy,RU,2021-12-07 19:08:49,63.5046,53.4095,0.09,99,27,4.41
253,Margate,GB,2021-12-07 19:12:01,51.3813,1.3862,47.91,90,100,4.0
254,Honiara,SB,2021-12-07 19:16:28,-9.4333,159.95,77.85,93,100,0.87
255,Acacoyagua,MX,2021-12-07 19:16:28,15.35,-92.65,87.04,51,0,4.97
256,Norman Wells,CA,2021-12-07 19:16:29,65.282,-126.8329,-0.36,71,75,6.91
257,Itarema,BR,2021-12-07 19:16:29,-2.9248,-39.9167,85.57,65,6,17.02
258,Furstenwalde,DE,2021-12-07 19:16:29,52.3667,14.0667,33.1,95,11,8.66
259,Saint Anthony,US,2021-12-07 19:16:30,45.0205,-93.218,18.14,80,90,3.0
260,Flinders,AU,2021-12-07 19:08:41,-34.5833,150.8552,64.2,85,100,11.83
261,Nan,TH,2021-12-07 19:16:30,18.8333,100.6667,59.22,83,18,1.03
262,Hare Bay,CA,2021-12-07 19:16:30,48.8499,-54.0148,45.75,74,100,18.97
263,Pemba,MZ,2021-12-07 19:16:31,-12.974,40.5178,81.36,76,9,10.13
264,Shugurovo,RU,2021-12-07 19:16:31,54.5083,52.1326,12.07,81,100,7.9
265,Turinsk,RU,2021-12-07 19:16:32,58.0458,63.696,4.33,89,5,5.59
266,Sitka,US,2021-12-07 19:16:32,57.0531,-135.33,39.09,75,90,25.32
267,Pemangkat,ID,2021-12-07 19:16:33,1.1667,108.9667,77.5,90,37,6.4
268,Tessalit,ML,2021-12-07 19:16:33,20.1986,1.0114,75.51,13,9,6.76
269,Saint George,US,2021-12-07 19:16:33,37.1041,-113.5841,61.27,32,1,1.01
270,Aksay,RU,2021-12-07 19:16:34,47.26,39.87,48.25,61,86,8.99
271,Tuatapere,NZ,2021-12-07 19:16:34,-46.1333,167.6833,52.7,77,49,4.45
272,Balgazyn,RU,2021-12-07 19:17:34,51.0,95.2,10.89,95,100,0.49
273,Petropavlovsk-Kamchatskiy,RU,2021-12-07 19:17:35,53.0452,158.6483,23.59,50,40,11.18
274,Sao Joao Da Barra,BR,2021-12-07 19:17:35,-21.6403,-41.0511,75.29,82,100,17.38
275,Nanortalik,GL,2021-12-07 19:08:44,60.1432,-45.2371,17.17,51,93,2.17
276,Richards Bay,ZA,2021-12-07 19:17:36,-28.783,32.0377,72.39,76,100,4.18
277,Salinopolis,BR,2021-12-07 19:17:36,-0.6136,-47.3561,80.98,84,100,9.57
278,Hagdan,PH,2021-12-07 19:17:37,11.3333,123.9,78.12,90,100,26.04
279,Hasaki,JP,2021-12-07 19:17:37,35.7333,140.8333,50.4,84,100,34.87
280,Matay,EG,2021-12-07 19:17:37,28.419,30.7792,59.02,32,2,12.01
281,Zeya,RU,2021-12-07 19:17:38,53.75,127.2667,7.56,94,29,2.91
282,Jalu,LY,2021-12-07 19:17:38,29.0331,21.5482,57.92,43,35,15.28
283,Irbil,IQ,2021-12-07 19:17:38,36.1926,44.0106,55.22,62,85,3.44
284,Antalaha,MG,2021-12-07 19:17:39,-14.9003,50.2788,73.96,80,3,6.33
285,Mukhen,RU,2021-12-07 19:17:39,48.1,136.1,13.51,91,15,5.44
286,Champerico,GT,2021-12-07 19:17:39,14.3,-91.9167,93.76,66,0,7.09
287,Nanlong,CN,2021-12-07 19:17:40,31.3533,106.0631,50.18,79,100,4.59
288,Chokurdakh,RU,2021-12-07 19:17:40,70.6333,147.9167,-28.14,100,100,2.08
289,Santiago Del Estero,AR,2021-12-07 19:17:41,-27.7951,-64.2615,91.8,31,83,11.77
290,Kismayo,SO,2021-12-07 19:17:41,-0.3582,42.5454,80.73,74,19,10.09
291,Desaguadero,PE,2021-12-07 19:17:42,-16.5656,-69.0417,56.41,52,37,11.48
292,Cayenne,GF,2021-12-07 19:16:33,4.9333,-52.3333,86.04,81,20,3.0
293,Raudeberg,NO,2021-12-07 19:17:42,61.9875,5.1352,38.07,66,100,8.01
294,Lakhdenpokhya,RU,2021-12-07 19:17:43,61.5198,30.1992,9.82,95,100,5.23
295,Nikel,RU,2021-12-07 19:17:43,69.4128,30.222,-2.02,97,31,6.38
296,Energeticheskiy,KZ,2021-12-07 19:17:43,43.4278,77.0222,36.16,93,75,6.71
297,Vrangel,RU,2021-12-07 19:08:57,42.7297,133.0839,33.51,49,0,4.79
298,Verkhnevilyuysk,RU,2021-12-07 19:17:44,63.4453,120.3167,-31.34,100,38,2.21
299,Tigil,RU,2021-12-07 19:17:44,57.8,158.6667,14.4,84,100,17.52
300,Sofiyivka,UA,2021-12-07 19:17:45,48.0493,33.8746,46.56,93,100,7.47
301,Muscat,OM,2021-12-07 19:17:45,23.6139,58.5922,75.22,70,16,0.49
302,Katsuura,JP,2021-12-07 19:17:46,35.1333,140.3,53.62,94,100,29.57
303,Lambarene,GA,2021-12-07 19:17:46,-0.7001,10.2406,77.29,93,88,4.74
304,Pokosnoye,RU,2021-12-07 19:17:47,55.5258,101.0536,19.6,92,100,3.6
305,Nyaunglebin,MM,2021-12-07 19:17:47,17.95,96.7333,67.33,85,0,2.1
306,Ampanihy,MG,2021-12-07 19:17:48,-24.7,44.75,71.55,76,48,6.35
307,Sakakah,SA,2021-12-07 19:17:48,29.9697,40.2064,63.97,32,82,11.83
308,Pihuamo,MX,2021-12-07 19:17:49,19.2499,-103.3828,84.09,25,2,5.23
309,Umm Kaddadah,SD,2021-12-07 19:17:49,13.6017,26.6876,75.76,19,0,14.09
310,Palmerston North,NZ,2021-12-07 19:17:49,-40.35,175.6167,65.05,96,98,5.55
311,Lavrentiya,RU,2021-12-07 19:17:50,65.5833,-171.0,-2.07,81,35,6.06
312,Bathsheba,BB,2021-12-07 19:17:50,13.2167,-59.5167,83.01,69,75,23.02
313,Durusu,TR,2021-12-07 19:17:50,41.3053,28.6767,54.54,92,100,4.0
314,Hit,IQ,2021-12-07 19:18:51,33.6416,42.8251,58.64,45,100,6.49
315,Omaruru,NA,2021-12-07 19:18:51,-21.4333,15.9333,76.06,20,0,9.71
316,Ambon,ID,2021-12-07 19:16:37,-3.6954,128.1814,77.14,94,40,5.75
317,Havre-Saint-Pierre,CA,2021-12-07 19:18:52,50.2334,-63.5986,24.8,49,20,35.68
318,Manokwari,ID,2021-12-07 19:18:52,-0.8667,134.0833,79.99,82,100,3.89
319,Vao,NC,2021-12-07 19:18:53,-22.6667,167.4833,78.21,81,8,7.05
320,Mugur-Aksy,RU,2021-12-07 19:18:53,50.35,90.5,8.67,93,21,6.53
321,Kloulklubed,PW,2021-12-07 19:18:53,7.0419,134.2556,82.63,73,71,5.86
322,Isiro,CD,2021-12-07 19:18:54,2.7739,27.616,70.25,76,100,1.34
323,Alim,PH,2021-12-07 19:18:54,9.5649,122.4876,77.18,86,100,12.66
324,Omboue,GA,2021-12-07 19:18:55,-1.5746,9.2618,78.15,90,100,6.15
325,Ust-Karsk,RU,2021-12-07 19:18:55,52.7011,118.8077,7.47,97,99,3.47
326,Iqaluit,CA,2021-12-07 19:18:55,63.7506,-68.5145,6.53,66,75,4.61
327,Carnot,CF,2021-12-07 19:18:56,4.9409,15.8665,81.5,31,88,4.14
328,Villarrobledo,ES,2021-12-07 19:18:56,39.2699,-2.6012,49.78,79,99,24.16
329,Mishelevka,RU,2021-12-07 19:18:56,52.8575,103.1719,7.43,96,100,3.09
330,Waddan,LY,2021-12-07 19:18:57,29.1614,16.139,51.51,47,0,8.59
331,San Quintin,MX,2021-12-07 19:18:57,30.4833,-115.95,63.43,69,85,8.79
332,Fortuna,US,2021-12-07 19:18:57,40.5982,-124.1573,53.91,69,40,5.01
333,Krasnomayskiy,RU,2021-12-07 19:18:58,57.6194,34.4099,13.15,97,88,6.15
334,Atzompa,MX,2021-12-07 19:18:58,18.7247,-97.1839,64.8,42,93,6.53
335,Ardesen,TR,2021-12-07 19:18:58,41.1911,40.9875,73.36,46,0,9.86
336,Leh,IN,2021-12-07 19:18:59,34.1667,77.5833,12.87,61,100,2.46
337,Wanning,CN,2021-12-07 19:18:59,18.8003,110.3967,69.62,86,100,8.34
338,Mulege,MX,2021-12-07 19:18:59,26.8833,-111.9833,79.75,23,57,2.1
339,Comodoro Rivadavia,AR,2021-12-07 19:17:20,-45.8667,-67.5,61.48,65,0,15.84
340,Ban Nahin,LA,2021-12-07 19:19:00,18.2418,104.2122,55.58,77,55,4.12
341,Malanje,AO,2021-12-07 19:19:00,-9.5402,16.341,65.64,95,44,3.04
342,Sibiti,CG,2021-12-07 19:19:00,-3.6819,13.3499,70.61,98,99,1.74
343,Kavaratti,IN,2021-12-07 19:19:01,10.5669,72.642,80.04,69,0,9.22
344,Kimbe,PG,2021-12-07 19:19:01,-5.5502,150.1429,76.42,93,100,2.24
345,Escarcega,MX,2021-12-07 19:19:02,18.6089,-90.7454,86.14,55,13,7.23
346,Kumano,JP,2021-12-07 19:19:02,34.3442,132.5894,49.95,69,7,11.18
347,Isoka,ZM,2021-12-07 19:19:03,-10.1606,32.6335,70.38,50,95,3.31
348,Ancud,CL,2021-12-07 19:19:03,-41.8697,-73.8203,75.22,80,100,10.33
349,Kandrian,PG,2021-12-07 19:19:03,-6.2167,149.55,76.55,91,51,4.12
350,Nkawkaw,GH,2021-12-07 19:19:04,6.5512,-0.7662,82.33,49,73,2.93
351,Oriximina,BR,2021-12-07 19:19:04,-1.7656,-55.8661,86.43,62,100,5.86
352,Roma,US,2021-12-07 19:19:04,43.2128,-75.4557,34.12,86,90,9.22
353,Rong Kwang,TH,2021-12-07 19:19:05,18.339,100.3174,64.54,79,36,1.68
354,Sepolno Krajenskie,PL,2021-12-07 19:19:05,53.452,17.5317,25.99,96,88,6.69
355,La Ronge,CA,2021-12-07 19:19:07,55.1001,-105.2842,-5.55,65,1,3.44
356,Ponta Do Sol,PT,2021-12-07 19:19:07,32.6667,-17.1,64.71,68,100,3.65
357,Ivdel,RU,2021-12-07 19:19:07,60.6911,60.4206,-3.86,95,77,3.8
358,Hirado,JP,2021-12-07 19:19:08,33.3597,129.5531,56.39,59,85,28.12
359,Minggang,CN,2021-12-07 19:19:08,32.4586,114.0486,42.98,69,99,7.81
360,Bacolod,PH,2021-12-07 19:19:08,10.6667,122.95,75.31,93,100,14.88
361,Sakaide,JP,2021-12-07 19:19:09,34.3167,133.85,51.55,79,40,11.45
362,Selma,US,2021-12-07 19:20:01,36.5708,-119.6121,64.71,65,100,2.86
363,Beihai,CN,2021-12-07 19:20:09,21.4833,109.1,64.89,61,0,6.53
364,Tombouctou,ML,2021-12-07 19:20:10,20.0,-3.0,70.23,14,70,11.81
365,Denpasar,ID,2021-12-07 19:20:10,-8.65,115.2167,78.46,88,20,3.44
366,Pilar,BR,2021-12-07 19:20:11,-9.5972,-35.9567,84.13,58,26,14.65
367,Mirnyy,RU,2021-12-07 19:20:11,62.5353,113.9611,-24.77,67,95,1.99
368,Tupaciguara,BR,2021-12-07 19:20:11,-18.5922,-48.705,76.12,79,100,3.33
369,Moura,PT,2021-12-07 19:20:11,38.1401,-7.4486,55.51,92,60,9.35
370,Keningau,MY,2021-12-07 19:20:12,5.3378,116.1602,75.65,99,100,1.83
371,Walvis Bay,NA,2021-12-07 19:20:12,-22.9575,14.5053,63.09,82,1,8.05
372,Atlantic City,US,2021-12-07 19:20:12,39.3643,-74.4229,45.37,42,1,5.75
373,San Patricio,US,2021-12-07 19:16:41,28.017,-97.5169,65.53,48,0,1.34
374,Kholodnyy,RU,2021-12-07 19:20:13,62.7167,147.95,-24.0,98,100,3.8
375,Meulaboh,ID,2021-12-07 19:20:13,4.1363,96.1285,77.4,85,20,4.18
376,Vila Franca Do Campo,PT,2021-12-07 19:20:14,37.7167,-25.4333,60.19,72,22,11.48
377,Grindavik,IS,2021-12-07 19:20:14,63.8424,-22.4338,30.67,93,40,13.8
378,Axim,GH,2021-12-07 19:20:14,4.8699,-2.2405,80.11,84,8,7.43
379,Dalby,AU,2021-12-07 19:20:15,-27.1833,151.2667,66.97,90,100,5.59
380,Lubango,AO,2021-12-07 19:20:15,-14.9172,13.4925,62.24,84,99,2.73
381,Ziyang,CN,2021-12-07 19:20:16,29.2497,117.8547,46.6,76,100,4.9
382,Narsaq,GL,2021-12-07 19:16:44,60.9167,-46.05,16.02,68,62,6.82
383,Kakonko,TZ,2021-12-07 19:20:16,-3.2828,30.9642,64.89,86,100,3.38
384,Teguldet,RU,2021-12-07 19:20:16,57.3064,88.1667,11.98,94,100,7.49
385,Vostok,RU,2021-12-07 19:20:17,46.4856,135.8833,5.86,89,6,4.85
386,Outjo,NA,2021-12-07 19:20:17,-20.1167,16.15,78.28,14,0,19.17
387,Guerrero Negro,MX,2021-12-07 19:20:18,27.9769,-114.0611,68.72,57,0,5.03
388,Svetlogorsk,BY,2021-12-07 19:20:18,52.6333,29.7333,18.64,94,94,9.6
389,Gol,NO,2021-12-07 19:20:18,60.7014,8.9457,18.86,97,99,0.74
390,Springbok,ZA,2021-12-07 19:20:19,-29.6643,17.8865,70.93,40,0,6.06
391,Puerto Leguizamo,CO,2021-12-07 19:20:19,-0.1934,-74.7819,80.08,90,99,0.51
392,Khash,IR,2021-12-07 19:20:19,28.2211,61.2158,46.92,38,0,5.77
393,Miranda,CO,2021-12-07 19:20:20,3.2499,-76.2281,84.65,57,100,3.89
394,Sainte-Maxime,FR,2021-12-07 19:20:20,43.3,6.6333,51.96,58,91,2.06
395,San Fernando,PH,2021-12-07 19:20:20,15.0286,120.6898,77.14,81,97,5.73
396,Praia Da Vitoria,PT,2021-12-07 19:18:58,38.7333,-27.0667,61.05,72,40,13.27
397,Santa Catarina De Tepehuanes,MX,2021-12-07 19:20:21,25.35,-105.7333,68.34,22,100,20.09
398,Valparaiso,CL,2021-12-07 19:20:21,-33.0393,-71.6273,67.64,59,0,13.8
399,Verkhnyaya Inta,RU,2021-12-07 19:20:21,65.9811,60.3094,7.54,95,100,14.47
400,Ayorou,NE,2021-12-07 19:20:22,14.7308,0.9174,81.64,11,62,10.87
401,Haines Junction,CA,2021-12-07 19:20:22,60.7522,-137.5108,22.95,80,100,6.91
402,Saint-Augustin,CA,2021-12-07 19:20:20,51.226,-58.6502,29.98,61,0,33.87
403,Harper,LR,2021-12-07 19:20:23,4.375,-7.7169,80.33,82,5,7.96
404,Dori,BF,2021-12-07 19:20:23,14.0354,-0.0345,82.83,11,88,8.97
405,Abu Dhabi,AE,2021-12-07 19:18:52,24.4667,54.3667,73.51,71,0,4.61
406,Commerce,US,2021-12-07 19:20:24,34.0006,-118.1598,64.65,75,90,0.0
407,Goba,ET,2021-12-07 19:21:24,7.0167,39.9833,47.8,66,1,4.72
408,Zhigansk,RU,2021-12-07 19:21:24,66.7697,123.3711,-28.89,96,100,14.14
409,Nioro,GM,2021-12-07 19:18:08,13.35,-15.75,86.77,16,100,3.65
410,Chuy,UY,2021-12-07 19:17:51,-33.6971,-53.4616,70.2,53,0,14.63
411,San Clemente,US,2021-12-07 19:21:25,33.427,-117.612,62.47,80,100,1.01
412,Kuopio,FI,2021-12-07 19:21:26,62.8924,27.677,4.95,85,75,3.44
413,Zehdenick,DE,2021-12-07 19:21:26,52.9785,13.3317,33.01,94,14,9.69
414,Kolyvan,RU,2021-12-07 19:21:27,55.3053,82.7391,11.05,95,97,9.55
415,Olafsvik,IS,2021-12-07 19:19:43,64.8945,-23.7142,35.17,63,73,10.71
416,Rundu,NA,2021-12-07 19:21:27,-17.9333,19.7667,69.85,61,92,7.31
417,Andenes,NO,2021-12-07 19:21:28,69.3143,16.1194,22.98,58,20,13.8
418,Jamame,SO,2021-12-07 19:21:28,0.0722,42.7506,79.93,74,69,7.47
419,Juarez,MX,2021-12-07 19:17:55,31.7333,-106.4833,68.11,22,75,5.75
420,Santiago,CL,2021-12-07 19:19:20,-33.4569,-70.6483,83.17,25,0,5.75
421,Wagga Wagga,AU,2021-12-07 19:21:29,-35.1167,147.3667,55.81,100,90,6.91
422,Opuwo,NA,2021-12-07 19:21:19,-18.0607,13.84,75.61,24,10,10.18
423,Jarocin,PL,2021-12-07 19:21:30,51.9727,17.5026,30.74,82,100,9.8
424,Valdivia,CL,2021-12-07 19:21:31,-39.8142,-73.2459,59.09,74,100,5.46
425,Moree,AU,2021-12-07 19:21:31,-29.4667,149.85,66.22,88,66,11.5
426,Pontian Kecil,MY,2021-12-07 19:21:31,1.4801,103.3899,80.73,90,100,7.23
427,Nishihara,JP,2021-12-07 19:21:32,26.1842,127.7558,65.48,64,40,8.05
428,Saryozek,KZ,2021-12-07 19:21:32,44.3583,77.9753,39.42,62,100,4.09
429,Filingue,NE,2021-12-07 19:21:32,14.3521,3.3168,82.53,10,68,9.26
430,Yeppoon,AU,2021-12-07 19:21:33,-23.1333,150.7333,74.98,84,67,2.93
431,Ihosy,MG,2021-12-07 19:21:33,-22.4,46.1167,73.62,66,0,9.44
432,Masvingo,ZW,2021-12-07 19:21:34,-20.0637,30.8277,68.5,85,100,4.59
433,Vila,PT,2021-12-07 19:21:34,42.0304,-8.1588,42.33,93,100,8.72
434,Gedo,ET,2021-12-07 19:21:35,9.0167,37.45,52.41,35,7,4.38
435,Alihe,CN,2021-12-07 19:21:35,50.5667,123.7167,8.53,97,31,2.57
436,Gizo,SB,2021-12-07 19:21:35,-8.103,156.8419,78.22,88,100,16.84
437,Quthing,LS,2021-12-07 19:21:36,-30.4,27.7003,65.84,39,0,2.8
438,Sivaki,RU,2021-12-07 19:21:36,52.6333,126.75,2.61,98,24,3.38
439,Plettenberg Bay,ZA,2021-12-07 19:21:37,-34.0527,23.3716,61.03,85,4,4.07
440,Radcliff,US,2021-12-07 19:21:37,37.8404,-85.9491,38.01,39,90,3.0
441,Sola,VU,2021-12-07 19:21:38,-13.8833,167.55,81.14,71,100,0.94
442,Patti,IN,2021-12-07 19:21:38,31.2808,74.8572,57.15,44,100,3.83
443,Tual,ID,2021-12-07 19:21:29,-5.6667,132.75,78.82,87,100,8.59
444,Grand-Santi,GF,2021-12-07 19:21:38,4.25,-54.3833,80.74,76,100,4.03
445,Kolondieba,ML,2021-12-07 19:21:09,11.0882,-6.8926,82.02,17,26,4.38
446,Altay,CN,2021-12-07 19:21:39,47.8667,88.1167,21.61,85,98,5.82
447,Potsdam,DE,2021-12-07 19:21:39,52.3989,13.0657,33.19,92,24,4.0
448,Redmond,US,2021-12-07 19:19:10,47.674,-122.1215,49.32,93,100,1.01
449,Edd,ER,2021-12-07 19:21:40,13.9297,41.6925,83.07,52,4,17.56
450,Tautira,PF,2021-12-07 19:21:40,-17.7333,-149.15,84.22,78,100,8.7
451,Moyale,KE,2021-12-07 19:21:41,3.5167,39.0584,71.06,56,9,5.26
452,Male,MV,2021-12-07 19:21:47,4.1748,73.5089,82.38,78,100,10.51
453,Berezovyy,RU,2021-12-07 19:22:41,51.6667,135.7,5.4,87,5,6.24
454,Beloha,MG,2021-12-07 19:22:42,-25.1667,45.05,73.49,75,33,5.03
455,Siilinjarvi,FI,2021-12-07 19:22:43,63.0833,27.6667,5.02,85,75,3.44
456,Acapulco,MX,2021-12-07 19:15:18,16.8634,-99.8901,85.82,74,1,8.05
457,Huarmey,PE,2021-12-07 19:22:43,-10.0681,-78.1522,73.26,74,100,12.44
458,Cambara,BR,2021-12-07 19:22:43,-23.0464,-50.0736,80.92,42,46,13.31
459,Gulariya,NP,2021-12-07 19:22:44,28.2333,81.3333,59.63,67,0,2.73
460,Urumqi,CN,2021-12-07 19:18:03,43.801,87.6005,29.35,64,0,2.24
461,Petatlan,MX,2021-12-07 19:22:44,17.5167,-101.2667,89.4,52,4,5.37
462,Egvekinot,RU,2021-12-07 19:19:09,66.3167,-179.1667,-5.98,98,100,2.91
463,Mandurah,AU,2021-12-07 19:21:11,-32.55,115.7,75.22,49,13,17.45
464,Charters Towers,AU,2021-12-07 19:22:45,-20.1,146.2667,73.67,85,7,5.48
465,Yantai,CN,2021-12-07 19:22:45,37.5333,121.4,42.08,63,5,3.13
466,Hamilton,US,2021-12-07 19:16:33,39.1834,-84.5333,30.11,53,75,1.01
467,Teya,RU,2021-12-07 19:22:46,60.3778,92.6267,10.36,96,100,1.68
468,Nsanje,MW,2021-12-07 19:22:46,-16.92,35.262,84.85,38,100,4.27
469,Vestmannaeyjar,IS,2021-12-07 19:20:56,63.4427,-20.2734,38.52,51,95,13.78
470,Buin,CL,2021-12-07 19:17:47,-33.7333,-70.75,84.06,15,0,10.78
471,Yulara,AU,2021-12-07 19:22:24,-25.2406,130.9889,73.24,49,4,12.66
472,Saint-Francois,FR,2021-12-07 19:22:47,46.4154,3.9054,45.84,80,90,10.36
473,Abu Kamal,SY,2021-12-07 19:22:47,34.4506,40.9171,57.13,44,100,11.14
474,Havoysund,NO,2021-12-07 19:22:48,70.9963,24.6622,22.08,72,1,19.04
475,Cruzilia,BR,2021-12-07 19:22:48,-21.8386,-44.8083,67.91,80,51,6.26
476,Bani,DO,2021-12-07 19:22:49,18.2833,-70.3333,85.75,54,100,14.38
477,Broome,US,2021-12-07 19:20:18,42.2506,-75.833,34.84,63,20,5.01
478,Guarapari,BR,2021-12-07 19:22:49,-20.6667,-40.4975,73.29,89,91,10.45
479,Chihuahua,MX,2021-12-07 19:22:17,28.5,-106.0,65.23,26,0,7.58
480,Santa Rosa,PH,2021-12-07 19:22:50,14.3122,121.1114,77.11,75,74,17.29
481,Ponoka,CA,2021-12-07 19:19:35,52.6768,-113.5815,22.46,69,100,5.5
482,Cerrito,CO,2021-12-07 19:22:50,6.8432,-72.694,61.99,55,94,2.64
483,Maldonado,UY,2021-12-07 19:22:51,-34.6667,-54.9167,75.22,33,0,16.24
484,Mushie,CD,2021-12-07 19:22:51,-3.0167,16.9,71.02,98,100,3.69
485,Kirakira,SB,2021-12-07 19:20:50,-10.4544,161.9205,80.38,88,100,10.76
486,San Policarpo,PH,2021-12-07 19:22:52,12.1791,125.5072,79.39,87,100,17.0
487,Tahoua,NE,2021-12-07 19:22:52,14.8888,5.2692,76.68,12,10,10.96
488,Mana,GF,2021-12-07 19:22:53,5.6592,-53.7767,81.84,78,100,6.13
489,Banjar,ID,2021-12-07 19:22:53,-8.19,114.9675,78.66,84,91,3.71
490,Kasongo-Lunda,CD,2021-12-07 19:22:53,-6.4667,16.8167,71.15,99,100,1.45
491,Kolosovka,RU,2021-12-07 19:22:54,56.4678,73.611,-11.31,99,6,6.6
492,Coffs Harbour,AU,2021-12-07 19:22:55,-30.3,153.1333,66.47,96,100,4.61
493,Honghu,CN,2021-12-07 19:22:56,29.8206,113.4621,49.41,58,95,8.55
494,Mokhsogollokh,RU,2021-12-07 19:22:57,61.4681,128.9203,-34.28,100,44,1.5
495,Uvira,CD,2021-12-07 19:22:57,-3.4067,29.1458,73.69,79,100,3.38
496,Oum Hadjer,TD,2021-12-07 19:22:58,13.2954,19.6966,81.46,14,47,13.62
497,Tshikapa,CD,2021-12-07 19:22:59,-6.4167,20.8,68.5,98,100,4.25
498,Namtsy,RU,2021-12-07 19:22:59,62.7161,129.6658,-45.29,100,69,1.97
499,Masumbwe,TZ,2021-12-07 19:23:59,-3.6333,32.1833,70.27,67,100,2.26
500,Novikovo,RU,2021-12-07 19:24:00,51.1537,37.8879,37.22,94,100,11.86
501,Novyy Urgal,RU,2021-12-07 19:24:00,51.0736,132.5642,-8.91,100,100,1.79
502,Springfield,US,2021-12-07 19:22:23,37.2153,-93.2982,38.19,54,75,7.0
503,Murgab,TM,2021-12-07 19:24:01,37.4966,61.9714,37.27,87,0,4.61
504,Zyryanka,RU,2021-12-07 19:24:01,65.75,150.85,-24.59,96,100,13.35
505,Hobyo,SO,2021-12-07 19:20:23,5.3505,48.5268,78.26,70,89,15.17
506,Arak,IR,2021-12-07 19:24:02,34.0917,49.6892,40.84,59,12,3.94
507,Dicabisagan,PH,2021-12-07 19:23:19,17.0818,122.4157,72.48,82,100,11.43
508,Byron Bay,AU,2021-12-07 19:24:03,-28.65,153.6167,75.06,90,99,7.45
509,Bibbiena,IT,2021-12-07 19:24:03,43.6965,11.8135,43.66,64,7,1.05
510,Noshiro,JP,2021-12-07 19:24:03,40.2039,140.0242,46.72,86,100,8.57
511,Zaraza,VE,2021-12-07 19:24:03,9.3503,-65.3245,93.29,34,48,10.49
512,Heinola,FI,2021-12-07 19:24:04,61.2056,26.0381,6.89,99,83,2.84
513,Kemise,ET,2021-12-07 19:24:04,10.7167,39.8667,61.57,32,90,4.56
514,Bajitpur,BD,2021-12-07 19:24:05,24.2167,90.95,73.44,96,7,5.57
515,Yaan,NG,2021-12-07 19:24:05,7.3833,8.5667,84.88,22,100,3.83
516,Paredon,MX,2021-12-07 19:24:05,16.0333,-93.8667,88.39,56,9,8.68
517,Rio Grande,BR,2021-12-07 19:24:06,-32.035,-52.0986,77.11,60,8,15.14
518,Port Moresby,PG,2021-12-07 19:24:06,-9.4431,147.1797,76.21,88,100,3.36
519,Aklavik,CA,2021-12-07 19:17:56,68.2191,-135.0107,9.43,85,75,4.61
520,Loreto,MX,2021-12-07 19:24:07,22.2667,-101.9667,71.47,25,100,13.24
521,Olden,NO,2021-12-07 19:24:07,61.8364,6.8064,34.72,80,55,9.55
522,Touros,BR,2021-12-07 19:24:07,-5.1989,-35.4608,85.1,66,19,14.97
523,Marondera,ZW,2021-12-07 19:24:08,-18.1853,31.5519,71.2,42,92,6.26
524,Okha,RU,2021-12-07 19:24:08,53.5739,142.9478,10.11,81,71,13.22
525,Sinop,TR,2021-12-07 19:24:09,41.7711,34.8709,50.04,55,2,11.16
526,Vardo,NO,2021-12-07 19:22:52,70.3705,31.1107,12.18,73,0,27.63
527,Sao Miguel Do Araguaia,BR,2021-12-07 19:24:09,-13.275,-50.1628,84.85,69,36,1.21
528,Boda,CF,2021-12-07 19:24:09,4.3189,17.4695,78.62,57,93,1.97
529,Port Augusta,AU,2021-12-07 19:19:21,-32.5,137.7667,57.34,60,0,12.59
530,Chicaman,GT,2021-12-07 19:24:10,15.4,-90.7667,70.92,58,95,4.68
531,Moron,AR,2021-12-07 19:19:28,-34.6534,-58.6198,86.95,46,0,5.99
532,Comiso,IT,2021-12-07 19:24:10,36.9513,14.6102,53.29,81,6,3.44
533,Buchanan,LR,2021-12-07 19:24:11,5.8808,-10.0467,82.36,81,99,7.45
534,Baykit,RU,2021-12-07 19:24:12,61.67,96.37,4.64,98,100,1.57
535,Price,US,2021-12-07 19:22:47,39.5994,-110.8107,49.71,61,1,0.0
536,Barcelona,ES,2021-12-07 19:21:38,41.3888,2.159,57.56,82,20,1.01
537,Nokaneng,BW,2021-12-07 19:24:12,-19.6667,22.2667,74.97,58,100,8.7
538,La Asuncion,VE,2021-12-07 19:24:12,11.0333,-63.8628,81.63,70,69,14.05
539,Lesnikovo,RU,2021-12-07 19:24:13,55.2822,65.3175,-0.36,95,6,5.99
540,Labuhan,ID,2021-12-07 19:24:13,-6.8844,112.2051,78.82,85,99,7.09
541,Erenhot,CN,2021-12-07 19:24:13,43.6475,111.9767,23.47,77,17,6.2
542,Karratha,AU,2021-12-07 19:24:14,-20.7377,116.8463,86.67,49,5,3.6
543,Nizwa,OM,2021-12-07 19:24:14,22.9333,57.5333,66.58,75,0,4.76
544,Nelson Bay,AU,2021-12-07 19:20:19,-32.7167,152.15,68.0,91,100,14.38
545,Hanzhong,CN,2021-12-07 19:25:15,33.0728,107.0303,42.13,69,83,3.04
